eCS_id	sCS_id	variants	exons_in_cs
ENSG00000116688_L1	ENSG00000116688.16_FCS1	chr1_12000098_C_CA,chr1_12000279_A_G,chr1_12002148_A_G,chr1_12011623_A_G	ENSG00000116688.16_4
ENSG00000273136_L1	ENSG00000273136.6_FCS1	chr1_121011431_C_T	ENSG00000273136.6_1,ENSG00000273136.6_21,ENSG00000273136.6_22,ENSG00000273136.6_28,ENSG00000273136.6_29,ENSG00000273136.6_31,ENSG00000273136.6_32,ENSG00000273136.6_33,ENSG00000273136.6_34
ENSG00000266338_L4	ENSG00000266338.6_FCS1	chr1_144426381_C_T	ENSG00000266338.6_18
ENSG00000268043_L1	ENSG00000268043.7_FCS3	chr1_146949974_C_T,chr1_146950424_C_A,chr1_146968935_G_A,chr1_147007226_C_T,chr1_147010971_G_A,chr1_147013104_A_G,chr1_147013813_G_A	ENSG00000268043.7_14,ENSG00000268043.7_24,ENSG00000268043.7_25,ENSG00000268043.7_30
ENSG00000263956_L1	ENSG00000263956.6_FCS1	chr1_148109181_C_T,chr1_148125869_C_T,chr1_148134131_C_T,chr1_148137122_T_C	ENSG00000263956.6_6
ENSG00000008128_L3	ENSG00000008128.22_FCS3	chr1_1703669_G_A,chr1_1703754_T_C,chr1_1706488_C_G	ENSG00000008128.22_17,ENSG00000008128.22_16
ENSG00000094963_L2	ENSG00000094963.13_FCS1	chr1_171165549_G_C,chr1_171176942_T_C,chr1_171180350_C_T,chr1_171185820_A_G,chr1_171186895_T_C	ENSG00000094963.13_2
ENSG00000127481_L1	ENSG00000127481.14_FCS1	chr1_19095352_G_T,chr1_19110691_G_T,chr1_19120093_C_T,chr1_19123840_T_C,chr1_19124111_C_T	ENSG00000127481.14_94
ENSG00000183386_L1	ENSG00000183386.9_FCS1	chr1_37931697_C_T,chr1_37939686_A_G,chr1_37941342_C_T,chr1_37943196_C_G,chr1_37968634_G_A,chr1_37979982_T_A,chr1_37997832_C_T	ENSG00000183386.9_4
ENSG00000084072_L1	ENSG00000084072.16_FCS1	chr1_39738494_G_T,chr1_39738752_A_T,chr1_39739151_C_T,chr1_39739455_TAAAG_T,chr1_39739654_C_A,chr1_39740626_G_A,chr1_39744796_G_C,chr1_39746065_T_C,chr1_39747206_G_A,chr1_39754612_C_G,chr1_39755134_G_A,chr1_39755395_G_A	ENSG00000084072.16_10,ENSG00000084072.16_14,ENSG00000084072.16_15,ENSG00000084072.16_16
ENSG00000162384_L1	ENSG00000162384.13_FCS1	chr1_53209377_G_A,chr1_53218853_C_G	ENSG00000162384.13_2
ENSG00000162604_L1	ENSG00000162604.12_FCS1	chr1_61723869_T_C	ENSG00000162604.12_3
ENSG00000188976_L1	ENSG00000188976.10_FCS1	chr1_950296_C_A,chr1_954258_G_C,chr1_954333_C_A,chr1_962184_T_C	ENSG00000188976.10_7
ENSG00000122481_L1	ENSG00000122481.16_FCS2	chr1_95195477_A_G,chr1_95195644_G_A,chr1_95198941_C_G,chr1_95213786_AATTTT_A,chr1_95215445_A_G,chr1_95219470_A_G,chr1_95232272_C_T,chr1_95235667_C_CT,chr1_95237026_A_G,chr1_95237334_C_T	ENSG00000122481.16_5
ENSG00000183605_L1	ENSG00000183605.16_FCS1	chr10_119161076_T_C	ENSG00000183605.16_5
ENSG00000107537_L1	ENSG00000107537.13_FCS1	chr10_13293920_C_T,chr10_13294012_A_G,chr10_13294013_G_C,chr10_13294017_T_G,chr10_13294031_T_G,chr10_13294033_C_A,chr10_13294047_C_G,chr10_13294065_G_A,chr10_13294104_G_A	ENSG00000107537.13_7
ENSG00000204172_L1	ENSG00000204172.12_FCS1	chr10_47558488_G_A,chr10_47559704_C_CAT	ENSG00000204172.12_5
ENSG00000138119_L2	ENSG00000138119.16_FCS2	chr10_93323282_C_T	ENSG00000138119.16_50
ENSG00000119943_L1	ENSG00000119943.12_FCS2	chr10_98388596_C_G,chr10_98389589_T_C	ENSG00000119943.12_17
ENSG00000214026_L1	ENSG00000214026.10_FCS1	chr11_1941470_C_T	ENSG00000214026.10_8
ENSG00000142102_L1	ENSG00000142102.15_FCS1	chr11_295670_G_A,chr11_296203_A_G	ENSG00000142102.15_13
ENSG00000185201_L1	ENSG00000185201.16_FCS3	chr11_302663_G_T	ENSG00000185201.16_4
ENSG00000121691_L1	ENSG00000121691.4_FCS1	chr11_34447389_A_G,chr11_34447748_T_C,chr11_34459548_G_T,chr11_34461361_C_T,chr11_34461600_A_G,chr11_34462658_C_T,chr11_34462995_T_C,chr11_34465650_C_T,chr11_34467283_C_T,chr11_34468990_G_A	ENSG00000121691.4_9
ENSG00000151348_L2	ENSG00000151348.13_FCS1	chr11_44066439_G_T	ENSG00000151348.13_1
ENSG00000172890_L1	ENSG00000172890.11_FCS1	chr11_71475430_G_A,chr11_71476633_C_T,chr11_71510202_A_G	ENSG00000172890.11_13
ENSG00000136051_L1	ENSG00000136051.13_FCS1	chr12_105121569_G_A,chr12_105177880_T_A,chr12_105207919_T_C	ENSG00000136051.13_29
ENSG00000184967_L1	ENSG00000184967.6_FCS3	chr12_132147310_C_T	ENSG00000184967.6_5,ENSG00000184967.6_7,ENSG00000184967.6_9
ENSG00000139620_L1	ENSG00000139620.12_FCS1	chr12_48641776_C_T,chr12_48644087_G_A,chr12_48644802_T_A,chr12_48650576_T_C,chr12_48660932_C_T,chr12_48670676_T_A,chr12_48673011_G_A,chr12_48674430_G_A,chr12_48677462_T_C,chr12_48682028_T_G,chr12_48710184_GC_G,chr12_48710955_G_A,chr12_48715855_G_A	ENSG00000139620.12_8
ENSG00000135390_L1	ENSG00000135390.17_FCS1	chr12_53662771_C_A,chr12_53662963_TGA_T,chr12_53667573_T_C,chr12_53672487_C_G,chr12_53672959_T_C,chr12_53676661_A_T	ENSG00000135390.17_2
ENSG00000139192_L1	ENSG00000139192.11_FCS1	chr12_6459406_T_C,chr12_6460379_C_T,chr12_6460817_C_T,chr12_6461373_A_T	ENSG00000139192.11_8
ENSG00000111639_L1	ENSG00000111639.7_FCS1	chr12_6493256_C_T,chr12_6493267_G_A,chr12_6493302_G_A,chr12_6493326_A_C,chr12_6493347_T_C,chr12_6493530_T_A,chr12_6493566_C_G,chr12_6494247_A_G,chr12_6494751_G_A	ENSG00000111639.7_1
ENSG00000111752_L1	ENSG00000111752.10_FCS1	chr12_8920405_C_T,chr12_8922418_G_T,chr12_8926462_C_G	ENSG00000111752.10_7
ENSG00000130177_L1	ENSG00000130177.14_FCS1	chr13_114233584_G_C,chr13_114234161_A_G,chr13_114234363_A_G,chr13_114235244_G_A,chr13_114237993_C_G,chr13_114241376_T_C,chr13_114261987_T_A,chr13_114263687_G_A,chr13_114264323_A_G,chr13_114265239_T_C	ENSG00000130177.14_15,ENSG00000130177.14_18
ENSG00000136098_L1	ENSG00000136098.16_FCS1	chr13_52142053_G_C	ENSG00000136098.16_12
ENSG00000092094_L1	ENSG00000092094.10_FCS1	chr14_20449283_A_T,chr14_20449585_C_T,chr14_20450439_A_C,chr14_20450528_C_CT,chr14_20450938_T_C,chr14_20451029_G_A,chr14_20451392_C_T,chr14_20451464_T_C,chr14_20451553_C_T	ENSG00000092094.10_5,ENSG00000092094.10_4
ENSG00000100461_L1	ENSG00000100461.17_FCS1	chr14_22903704_G_A,chr14_22920095_A_G	ENSG00000100461.17_11
ENSG00000157326_L1	ENSG00000157326.18_FCS2	chr14_23935842_G_A,chr14_23936426_G_A,chr14_23939470_G_A	ENSG00000157326.18_3,ENSG00000157326.18_4,ENSG00000157326.18_5
ENSG00000157379_L2	ENSG00000157379.13_FCS1	chr14_24289435_G_A,chr14_24291558_G_A	ENSG00000157379.13_7
ENSG00000126790_L1	ENSG00000126790.11_FCS1	chr14_59474860_A_G,chr14_59476750_G_T,chr14_59482730_G_C,chr14_59483699_T_G,chr14_59521120_T_C,chr14_59525566_C_T,chr14_59525742_C_T,chr14_59530799_T_C	ENSG00000126790.11_6,ENSG00000126790.11_5
ENSG00000126790_L2	ENSG00000126790.11_FCS2	chr14_59429016_T_C,chr14_59466008_G_A,chr14_59469253_C_G,chr14_59469341_T_A,chr14_59470571_CCTAA_C,chr14_59473086_G_A,chr14_59473700_T_G,chr14_59474706_A_G	ENSG00000126790.11_6
ENSG00000183648_L1	ENSG00000183648.9_FCS1	chr14_92114938_C_A,chr14_92115376_A_G,chr14_92115907_A_G,chr14_92116657_C_T,chr14_92117235_A_G,chr14_92117871_G_A,chr14_92120085_C_CT,chr14_92121460_A_C,chr14_92121875_G_A	ENSG00000183648.9_3
ENSG00000166140_L1	ENSG00000166140.17_FCS1	chr15_40806965_T_C,chr15_40811095_A_G,chr15_40811599_T_TGTG,chr15_40811664_T_C,chr15_40812676_G_C	ENSG00000166140.17_10
ENSG00000185088_L1	ENSG00000185088.13_FCS1	chr15_63146173_T_A,chr15_63146573_C_T,chr15_63152150_G_A,chr15_63154399_C_T,chr15_63154999_G_A,chr15_63155955_A_G,chr15_63156272_T_C,chr15_63156581_C_G,chr15_63156806_G_A	ENSG00000185088.13_3
ENSG00000103811_L2	ENSG00000103811.15_FCS1	chr15_78944951_C_T	ENSG00000103811.15_4
ENSG00000157823_L1	ENSG00000157823.16_FCS1	chr15_89871410_C_G,chr15_89877441_G_A	ENSG00000157823.16_5
ENSG00000100726_L1	ENSG00000100726.14_FCS1	chr16_1506499_A_G	ENSG00000100726.14_18
ENSG00000183889_L1	ENSG00000183889.12_FCS1	chr16_16214818_C_T	ENSG00000183889.12_4,ENSG00000183889.12_5,ENSG00000183889.12_8,ENSG00000183889.12_9
ENSG00000169246_L1	ENSG00000169246.16_FCS1	chr16_21389986_T_C,chr16_21397317_C_A,chr16_21398459_T_A	ENSG00000169246.16_5
ENSG00000205937_L1	ENSG00000205937.11_FCS1	chr16_2263773_C_T,chr16_2264880_CCA_C,chr16_2267776_C_G,chr16_2268169_TA_T,chr16_2273393_G_A	ENSG00000205937.11_5
ENSG00000196502_L1	ENSG00000196502.11_FCS1	chr16_28568594_GT_G	ENSG00000196502.11_11
ENSG00000059122_L1	ENSG00000059122.16_FCS1	chr16_2936322_T_C	ENSG00000059122.16_12
ENSG00000059122_L3	ENSG00000059122.16_FCS2	chr16_2936839_G_C	ENSG00000059122.16_12
ENSG00000169592_L1	ENSG00000169592.14_FCS1	chr16_30004016_A_G	ENSG00000169592.14_10,ENSG00000169592.14_11
ENSG00000254206_L1	ENSG00000254206.5_FCS1	chr16_30308986_G_T,chr16_30311987_C_T,chr16_30315250_G_C,chr16_30323602_G_A,chr16_30324709_A_T,chr16_30326165_GAGCC_G,chr16_30328432_G_A,chr16_30331915_G_A	ENSG00000254206.5_8,ENSG00000254206.5_7
ENSG00000169203_L1	ENSG00000169203.16_FCS1	chr16_30315250_G_C,chr16_30323602_G_A,chr16_30324709_A_T	ENSG00000169203.16_11,ENSG00000169203.16_10,ENSG00000169203.16_7
ENSG00000217930_L1	ENSG00000217930.7_FCS1	chr16_4343375_A_C	ENSG00000217930.7_6
ENSG00000153406_L1	ENSG00000153406.13_FCS2	chr16_4465144_A_C,chr16_4468204_G_A,chr16_4468457_A_G,chr16_4478633_T_C	ENSG00000153406.13_8,ENSG00000153406.13_7
ENSG00000132600_L1	ENSG00000132600.16_FCS2	chr16_68340051_C_T,chr16_68343945_C_T	ENSG00000132600.16_2,ENSG00000132600.16_17
ENSG00000141698_L1	ENSG00000141698.16_FCS1	chr17_41822810_T_A,chr17_41822829_C_G,chr17_41822830_C_G,chr17_41825899_A_G,chr17_41826012_G_A,chr17_41827392_A_C,chr17_41827556_G_C,chr17_41827568_G_A,chr17_41829241_T_C,chr17_41830232_C_T,chr17_41831109_G_A,chr17_41834105_T_C	ENSG00000141698.16_8
ENSG00000108774_L1	ENSG00000108774.14_FCS1	chr17_42122182_G_A,chr17_42126063_T_A,chr17_42128926_G_C,chr17_42131124_C_G,chr17_42132173_C_T,chr17_42132765_C_T,chr17_42134336_G_A,chr17_42136044_G_A,chr17_42136260_T_C,chr17_42137346_G_A,chr17_42137747_C_T,chr17_42138571_T_A	ENSG00000108774.14_2
ENSG00000228696_L1	ENSG00000228696.8_FCS1	chr17_46044213_T_C	ENSG00000228696.8_4,ENSG00000228696.8_3,ENSG00000228696.8_2,ENSG00000228696.8_1
ENSG00000006282_L2	ENSG00000006282.20_FCS1	chr17_50537968_G_A,chr17_50541911_G_A,chr17_50541929_G_A,chr17_50546684_A_G,chr17_50547862_C_T,chr17_50547946_GGGGGAGGGGCCT_G	ENSG00000006282.20_3
ENSG00000258315_L1	ENSG00000258315.5_FCS1	chr17_7014384_C_T,chr17_7015774_T_C	ENSG00000258315.5_3
ENSG00000125450_L1	ENSG00000125450.10_FCS1	chr17_75216354_C_T	ENSG00000125450.10_14
ENSG00000266714_L1	ENSG00000266714.6_FCS8	chr17_75591977_G_T	ENSG00000266714.6_5
ENSG00000204316_L1	ENSG00000204316.12_FCS2	chr17_75900952_A_AC	ENSG00000204316.12_8
ENSG00000161542_L1	ENSG00000161542.16_FCS2	chr17_76297307_A_G,chr17_76298517_T_C,chr17_76299998_C_T,chr17_76312277_A_C,chr17_76313344_T_C,chr17_76313393_A_G,chr17_76315262_C_T,chr17_76317461_A_C	ENSG00000161542.16_13
ENSG00000167280_L1	ENSG00000167280.16_FCS3	chr17_79082873_T_C,chr17_79083494_A_G	ENSG00000167280.16_9
ENSG00000141560_L1	ENSG00000141560.14_FCS1	chr17_82720752_C_CCTT	ENSG00000141560.14_5
ENSG00000170310_L1	ENSG00000170310.14_FCS1	chr17_9425279_G_A,chr17_9426309_C_T,chr17_9426653_C_CAGG,chr17_9430851_A_G,chr17_9433053_G_A,chr17_9433928_G_C,chr17_9437887_C_T,chr17_9438449_C_T,chr17_9440372_T_C	ENSG00000170310.14_11
ENSG00000154889_L1	ENSG00000154889.16_FCS2	chr18_11905954_C_T	ENSG00000154889.16_8,ENSG00000154889.16_3
ENSG00000134779_L1	ENSG00000134779.14_FCS2	chr18_36781799_G_C	ENSG00000134779.14_14
ENSG00000104964_L1	ENSG00000104964.14_FCS2	chr19_3062859_T_C	ENSG00000104964.14_2
ENSG00000161265_L2	ENSG00000161265.14_FCS1	chr19_35742022_T_C,chr19_35744530_A_G,chr19_35745027_A_C,chr19_35746008_G_C,chr19_35748583_A_G,chr19_35753852_G_C	ENSG00000161265.14_2
ENSG00000267107_L1	ENSG00000267107.6_FCS1	chr19_41493212_A_G,chr19_41495302_C_T	ENSG00000267107.6_3,ENSG00000267107.6_2
ENSG00000167766_L1	ENSG00000167766.18_FCS1	chr19_52615913_G_A	ENSG00000167766.18_10,ENSG00000167766.18_9
ENSG00000125734_L1	ENSG00000125734.15_FCS1	chr19_6737228_T_C	ENSG00000125734.15_3
ENSG00000163162_L1	ENSG00000163162.8_FCS1	chr2_101270690_A_T,chr2_101270819_G_C,chr2_101272844_A_G	ENSG00000163162.8_9
ENSG00000080345_L1	ENSG00000080345.17_FCS1	chr2_151421588_T_C,chr2_151430771_GC_G,chr2_151437106_C_T,chr2_151459035_G_T,chr2_151463604_G_A,chr2_151468275_G_C,chr2_151478920_TG_T,chr2_151482024_AG_A,chr2_151492512_G_A,chr2_151492880_G_A,chr2_151493948_T_C	ENSG00000080345.17_32
ENSG00000180902_L1	ENSG00000180902.17_FCS2	chr2_241760637_T_C,chr2_241764646_T_C,chr2_241767686_A_G	ENSG00000180902.17_8
ENSG00000035115_L1	ENSG00000035115.21_FCS1	chr2_242793_G_C	ENSG00000035115.21_16,ENSG00000035115.21_15
ENSG00000115944_L1	ENSG00000115944.14_FCS1	chr2_42345535_A_T,chr2_42346940_T_C,chr2_42350030_A_G,chr2_42387938_T_C,chr2_42396371_C_T,chr2_42396854_G_A	ENSG00000115944.14_10,ENSG00000115944.14_9
ENSG00000042493_L1	ENSG00000042493.15_FCS2	chr2_85414064_C_T,chr2_85420466_C_T,chr2_85425567_C_T	ENSG00000042493.15_5
ENSG00000115073_L1	ENSG00000115073.7_FCS1	chr2_97080789_A_G,chr2_97113750_GC_G,chr2_97658891_G_A	ENSG00000115073.7_6
ENSG00000125818_L2	ENSG00000125818.17_FCS1	chr20_1120026_A_G,chr20_1123654_G_T,chr20_1127479_C_T,chr20_1130971_T_C	ENSG00000125818.17_4
ENSG00000125877_L1	ENSG00000125877.12_FCS1	chr20_3203873_CGCGCAGGT_C,chr20_3204667_G_A,chr20_3212640_AG_A,chr20_3213247_A_C	ENSG00000125877.12_3,ENSG00000125877.12_4
ENSG00000125826_L1	ENSG00000125826.20_FCS1	chr20_410381_T_C,chr20_410737_CAAT_C,chr20_411618_A_C,chr20_412130_A_G	ENSG00000125826.20_3,ENSG00000125826.20_4
ENSG00000154719_L1	ENSG00000154719.13_FCS1	chr21_25532486_T_C,chr21_25533270_T_C,chr21_25534355_T_G,chr21_25538152_C_T,chr21_25540890_G_T,chr21_25544859_C_T,chr21_25575554_T_A,chr21_25587877_T_G,chr21_25589826_T_TG,chr21_25596526_T_C,chr21_25599076_A_G,chr21_25602064_T_C,chr21_25603938_A_G,chr21_25604585_C_T,chr21_25623663_G_A	ENSG00000154719.13_3
ENSG00000156261_L1	ENSG00000156261.12_FCS1	chr21_29073627_G_A	ENSG00000156261.12_3
ENSG00000275464_L1	ENSG00000275464.4_FCS1	chr21_5097921_C_T	ENSG00000275464.4_22
ENSG00000177663_L1	ENSG00000177663.13_FCS1	chr22_17105825_ATCAC_A	ENSG00000177663.13_11
ENSG00000100296_L1	ENSG00000100296.13_FCS1	chr22_29531715_T_C	ENSG00000100296.13_11
ENSG00000100225_L1	ENSG00000100225.17_FCS2	chr22_32484598_T_C,chr22_32486134_G_A,chr22_32486427_A_G,chr22_32486453_C_G,chr22_32487141_G_A,chr22_32488394_C_T,chr22_32488834_C_T,chr22_32489562_C_T,chr22_32489793_C_T,chr22_32499905_A_G,chr22_32500126_A_T	ENSG00000100225.17_9
ENSG00000100376_L1	ENSG00000100376.11_FCS1	chr22_45323616_C_G	ENSG00000100376.11_5,ENSG00000100376.11_6,ENSG00000100376.11_10,ENSG00000100376.11_17
ENSG00000075234_L1	ENSG00000075234.16_FCS1	chr22_46291323_G_A,chr22_46292311_C_A,chr22_46292424_T_C	ENSG00000075234.16_17
ENSG00000188130_L1	ENSG00000188130.13_FCS1	chr22_50254911_A_T,chr22_50255050_A_G,chr22_50256841_A_C,chr22_50257479_G_T,chr22_50257517_C_G	ENSG00000188130.13_5,ENSG00000188130.13_4
ENSG00000144559_L1	ENSG00000144559.10_FCS1	chr3_11808333_A_C,chr3_11808893_G_T,chr3_11812164_C_G,chr3_11815096_A_G,chr3_11818179_G_C,chr3_11818635_A_G,chr3_11822953_G_A	ENSG00000144559.10_12,ENSG00000144559.10_11
ENSG00000144559_L2	ENSG00000144559.10_FCS2	chr3_11844891_T_C,chr3_11845277_G_A	ENSG00000144559.10_2
ENSG00000173226_L2	ENSG00000173226.16_FCS1	chr3_121779191_T_C,chr3_121788384_A_T	ENSG00000173226.16_12
ENSG00000163870_L1	ENSG00000163870.14_FCS1	chr3_127573490_G_A,chr3_127592355_G_A	ENSG00000163870.14_14
ENSG00000129055_L1	ENSG00000129055.12_FCS1	chr3_134486229_G_T,chr3_134486385_C_T,chr3_134486389_C_A	ENSG00000129055.12_2
ENSG00000114125_L1	ENSG00000114125.13_FCS1	chr3_141744456_A_C	ENSG00000114125.13_2
ENSG00000114698_L1	ENSG00000114698.14_FCS1	chr3_146220694_T_C,chr3_146222786_T_C,chr3_146223233_T_A,chr3_146224336_T_C,chr3_146224413_G_A,chr3_146224444_G_A,chr3_146224469_C_T,chr3_146225430_T_C,chr3_146225914_G_A,chr3_146226005_A_C,chr3_146226279_T_G,chr3_146226441_A_G,chr3_146226549_C_A,chr3_146226604_T_C,chr3_146226970_ATATTC_A	ENSG00000114698.14_8,ENSG00000114698.14_7,ENSG00000114698.14_3,ENSG00000114698.14_2
ENSG00000093183_L1	ENSG00000093183.13_FCS1	chr3_42550646_G_A,chr3_42551410_T_C,chr3_42552527_C_T,chr3_42554347_G_T,chr3_42554422_G_A,chr3_42563910_A_C,chr3_42566472_C_T,chr3_42574805_C_G	ENSG00000093183.13_13
ENSG00000134077_L2	ENSG00000134077.15_FCS1	chr3_9363240_G_C,chr3_9373259_A_G,chr3_9375950_C_T,chr3_9376826_A_G,chr3_9379503_G_A,chr3_9381399_A_G,chr3_9384260_G_C,chr3_9384540_G_A	ENSG00000134077.15_8
ENSG00000090316_L1	ENSG00000090316.15_FCS1	chr4_1330529_C_A	ENSG00000090316.15_11
ENSG00000163682_L1	ENSG00000163682.15_FCS1	chr4_39448204_G_A,chr4_39452110_G_C,chr4_39452701_G_A,chr4_39453758_A_G,chr4_39455533_C_T,chr4_39455810_T_C,chr4_39456250_T_TG,chr4_39456431_A_G,chr4_39457145_G_T,chr4_39458104_T_C	ENSG00000163682.15_5
ENSG00000169026_L1	ENSG00000169026.12_FCS1	chr4_647632_C_T,chr4_649835_C_T,chr4_650194_C_T,chr4_653714_G_C,chr4_671948_C_T,chr4_672423_T_G,chr4_673609_C_G,chr4_674564_C_A,chr4_678098_C_T,chr4_683203_C_T,chr4_683958_A_T,chr4_690607_C_G	ENSG00000169026.12_12,ENSG00000169026.12_7
ENSG00000013288_L1	ENSG00000013288.8_FCS1	chr4_6608895_C_T,chr4_6609511_TG_T	ENSG00000013288.8_13
ENSG00000185619_L3	ENSG00000185619.18_FCS3	chr4_757472_C_T,chr4_761341_C_T,chr4_761565_A_G,chr4_762481_C_T,chr4_763851_A_G,chr4_766477_T_TG,chr4_768497_A_G,chr4_769289_G_A,chr4_769842_C_T,chr4_771012_C_T,chr4_771868_A_C,chr4_773247_T_C,chr4_776814_CCA_C,chr4_777854_T_G,chr4_787323_C_T,chr4_787732_CG_C,chr4_787789_C_G,chr4_794159_C_T	ENSG00000185619.18_5
ENSG00000198189_L1	ENSG00000198189.10_FCS2	chr4_87325048_A_C,chr4_87329567_G_A,chr4_87332155_G_A,chr4_87338826_C_T,chr4_87366015_C_T,chr4_87369856_A_T,chr4_87371232_T_C	ENSG00000198189.10_8
ENSG00000112977_L1	ENSG00000112977.15_FCS1	chr5_10675197_C_A,chr5_10675321_C_T,chr5_10675920_C_T	ENSG00000112977.15_4
ENSG00000249915_L1	ENSG00000249915.7_FCS2	chr5_274769_T_C,chr5_279319_G_A,chr5_286391_C_T,chr5_289527_G_A,chr5_296221_C_G,chr5_296383_A_G,chr5_296384_C_T,chr5_301177_C_T,chr5_314231_C_T,chr5_315564_G_A,chr5_318781_G_T	ENSG00000249915.7_6
ENSG00000037474_L1	ENSG00000037474.14_FCS1	chr5_6602431_T_C,chr5_6605419_C_A	ENSG00000037474.14_16
ENSG00000205572_L1	ENSG00000205572.9_FCS1	chr5_71011637_T_C,chr5_71012424_C_T	ENSG00000205572.9_1,ENSG00000205572.9_4,ENSG00000205572.9_6
ENSG00000153113_L1	ENSG00000153113.23_FCS1	chr5_96660029_G_T,chr5_96661562_T_C	ENSG00000153113.23_11
ENSG00000153113_L2	ENSG00000153113.23_FCS2	chr5_96663822_A_G	ENSG00000153113.23_7,ENSG00000153113.23_11
ENSG00000170667_L1	ENSG00000170667.14_FCS6	chr7_102497055_C_A	ENSG00000170667.14_17
ENSG00000147813_L1	ENSG00000147813.15_FCS1	chr8_143578405_C_G	ENSG00000147813.15_10
ENSG00000147408_L1	ENSG00000147408.14_FCS1	chr8_19457523_G_T	ENSG00000147408.14_17
ENSG00000104714_L1	ENSG00000104714.13_FCS2	chr8_638892_G_A,chr8_642019_G_C,chr8_642457_G_A,chr8_642876_C_T,chr8_643041_G_A	ENSG00000104714.13_10
ENSG00000176731_L1	ENSG00000176731.11_FCS1	chr8_85218555_T_TA,chr8_85219234_A_T	ENSG00000176731.11_2
ENSG00000106853_L1	ENSG00000106853.18_FCS1	chr9_111599379_G_C	ENSG00000106853.18_2
ENSG00000160408_L1	ENSG00000160408.14_FCS2	chr9_127897953_T_C	ENSG00000160408.14_4
ENSG00000107020_L1	ENSG00000107020.9_FCS1	chr9_5381870_A_G,chr9_5383460_C_G	ENSG00000107020.9_6
ENSG00000196873_L2	ENSG00000196873.15_FCS2	chr9_68280430_G_A,chr9_68303731_C_A	ENSG00000196873.15_9
